total_notes,don_notes,ka_notes,big_don,big_ka,drumroll,balloon,note_density,note_variety,avg_spacing,min_spacing,spacing_variance,transition_rate,bpm_changes,time_sig_changes,max_bpm,min_bpm,avg_bpm,bpm_variance,gogo_proportion,gogo_note_density,regular_note_density,difficulty_name,difficulty_level
101,69,26,6,0,2,0,2.3488372093023258,4,20.49,6,167.40990000000005,0.40594059405940597,4,2,134.0,76.7,104.675,723.3668749999999,0.27906976744186046,3.0,2.096774193548387,Easy,4
123,86,31,6,0,2,0,2.86046511627907,4,16.795081967213115,6,146.31046761623216,0.36585365853658536,4,2,134.0,76.7,104.675,723.3668749999999,0.27906976744186046,3.5,2.6129032258064515,Normal,4
265,171,81,13,0,1,0,6.162790697674419,4,7.761363636363637,3,34.84077995867768,0.38113207547169814,4,2,134.0,76.7,104.675,723.3668749999999,0.27906976744186046,5.833333333333333,6.290322580645161,Hard,6
342,204,126,8,4,1,0,7.953488372093023,5,5.868035190615836,3,16.478186462104734,0.5321637426900585,4,2,134.0,76.7,104.675,723.3668749999999,0.27906976744186046,10.083333333333334,7.129032258064516,Oni,7
420,227,180,10,3,0,0,9.767441860465116,4,4.7756563245823385,3,12.355397838927777,0.5714285714285714,4,2,134.0,76.7,104.675,723.3668749999999,0.27906976744186046,12.666666666666666,8.64516129032258,Edit,8
